id,name,email,phone,address
reg_contact_1,Mr. Azharul Islam,azhar1998@gmail.com,01700000000,Dhaka
reg_contact_2,Azharul Islam,azhar1998@gmail.com,01700000000,Dhaka
reg_contact_3,Shahinur Rahman,sh12323@gmail.com,01700001234,Dhaka
reg_contact_4,Pavel,pavelch22@gmail.com,0134234234,Dhaka
reg_contact_5,Rahim Khan,rahimk@gmail.com,01812345678,Dhaka
reg_contact_6,Farhana Akter,farhanaa@yahoo.com,01987654321,Dhaka
reg_contact_7,Karim Ahmed,karim.a@outlook.com,01555555555,Dhaka
reg_contact_8,Sadia Islam,sadia.islam@gmail.com,01711111111,Dhaka
reg_contact_9,Tanvir Hasan,tanvir.h@hotmail.com,01622222222,Dhaka
reg_contact_10,Mehedi Hasan,mehedi.h@gmail.com,01333333333,Dhaka
reg_contact_11,Anika Rahman,anika.r@gmail.com,01844444444,Dhaka
reg_contact_12,Sajid Ali,sajid.a@yahoo.com,01955555555,Dhaka
reg_contact_13,Nusrat Jahan,nusrat.j@gmail.com,01766666666,Dhaka
reg_contact_14,Arif Khan,arif.k@outlook.com,01677777777,Dhaka
reg_contact_15,Sumaiya Akter,sumaiya.a@gmail.com,01588888888,Dhaka
reg_contact_16,Rafiqul Islam,rafiq.i@yahoo.com,01999999999,Dhaka
reg_contact_17,Taimur Rahman,taimur884@gmail.com,01712345678,Dhaka
reg_contact_18,Imran Hossain,imran.h@hotmail.com,01823456789,Dhaka
reg_contact_19,Fatema Begum,fatema.b@gmail.com,01634567890,Dhaka
reg_contact_20,Shafiqul Islam,shafiq.i@yahoo.com,01945678901,Dhaka
reg_contact_21,Nazma Akter,nazma.a@gmail.com,01756789012,Dhaka
reg_contact_22,Kamal Hossain,kamal.h@outlook.com,01567890123,Dhaka
reg_contact_23,Shirin Sultana,shirin.s@gmail.com,01878901234,Dhaka
reg_contact_24,Rashidul Hasan,rashid.h@yahoo.com,01689012345,Dhaka
reg_contact_25,Nasrin Akter,nasrin.a@gmail.com,01990123456,Dhaka
reg_contact_26,Asif Iqbal,asif.i@hotmail.com,01701234567,Dhaka
reg_contact_27,Sabrina Khan,sabrina.k@gmail.com,01812345678,Dhaka
reg_contact_28,Jahid Hasan,jahid.h@yahoo.com,01623456789,Dhaka
reg_contact_29,Monirul Islam,monirul.i@gmail.com,01934567890,Dhaka
reg_contact_30,Sharmin Akter,sharmin.a@outlook.com,01745678901,Dhaka
reg_contact_31,Rafiq Ahmed,rafiq.a@yahoo.com,01556789012,Dhaka
reg_contact_32,Shahidul Islam,shahidul.i@gmail.com,01867890123,Dhaka
reg_contact_33,Tania Akter,tania.a@hotmail.com,01678901234,Dhaka
reg_contact_34,Sohel Rana,sohel.r@gmail.com,01989012345,Dhaka
reg_contact_35,John Doe,john.doe@example.com,01712345678,"Banani, Dhaka"
reg_contact_36,Jane Smith,jane.smith@example.com,01823456789,"Gulshan, Dhaka"
reg_contact_37,John Smith,john.smith@uniquetech.com,01712345678,"Gulshan, Dhaka"
reg_contact_38,Jane Doe,jane.doe@uniquetech.com,01823456789,"Banani, Dhaka"
reg_contact_39,Michael Johnson,michael.johnson@uniquetech.com,01934567890,"Dhanmondi, Dhaka"
reg_contact_40,David Brown,david.brown@techpioneers.com,01723456789,"Mirpur, Dhaka"
reg_contact_41,Emily Clark,emily.clark@techpioneers.com,01834567890,"Uttara, Dhaka"
reg_contact_42,James Wilson,james.wilson@techpioneers.com,01945678901,"Dhanmondi, Dhaka"
reg_contact_43,Michael White,michael.white@innovativesolutions.com,01756789012,"Gulshan, Dhaka"
reg_contact_44,Sarah Green,sarah.green@innovativesolutions.com,01867890123,"Banani, Dhaka"
reg_contact_45,Robert Johnson,robert.johnson@innovativesolutions.com,01978901234,"Mohakhali, Dhaka"
reg_contact_46,Ahmed Hossain,ahmed.hossain@bashundharasteel.com,01712345678,"Gulshan, Dhaka"
reg_contact_47,Rezaul Karim,rezaul.karim@bashundharasteel.com,01823456789,"Banani, Dhaka"
reg_contact_48,Farid Ahmed,farid.ahmed@bashundharasteel.com,01934567890,"Dhanmondi, Dhaka"
reg_contact_49,Shahriar Hossain,shahriar.hossain@ksrmsteel.com,01756789012,"Uttara, Dhaka"
reg_contact_50,Abdul Kader,abdul.kader@ksrmsteel.com,01867890123,"Mirpur, Dhaka"
reg_contact_51,Shirin Akter,shirin.akter@ksrmsteel.com,01978901234,"Mohakhali, Dhaka"
reg_contact_52,Abdul Karim,abdul.karim@steeldynamics.com,01734567890,"Gulshan, Dhaka"
reg_contact_53,Shamim Ahmed,shamim.ahmed@steeldynamics.com,01845678901,"Banani, Dhaka"
reg_contact_54,Faruk Hossain,faruk.hossain@steeldynamics.com,01956789012,"Dhanmondi, Dhaka"
reg_contact_55,Hasan Mahmud,hasan.mahmud@metalworks.com,01767890123,"Uttara, Dhaka"
reg_contact_56,Rehana Akter,rehana.akter@metalworks.com,01878901234,"Mirpur, Dhaka"
reg_contact_57,Shahidul Islam,shahidul.islam@metalworks.com,01989012345,"Mohakhali, Dhaka"
reg_client_1,Gazi Group,gazi.g@gmail.com,01700000000,Dhaka
reg_client_2,Abul Khair Group,akhair@gmail.com,01700001234,"Khilkhet, Dhaka"
reg_client_3,Partex Group,pgroup@partex.com,01700001234,"Mohakhali, Dhaka"
reg_client_4,Md Shahjahan,sjahan683345@gmail.com,01700001234,"Mirpur, Dhaka"
reg_client_5,Shahidul Islam,shahidul.islam@gmail.com,01700001234,"Dhanmondi, Dhaka"
reg_client_6,Akij Group,akij.group@gmail.com,01711111111,"Tejgaon, Dhaka"
reg_client_7,Bashundhara Group,bashundhara.group@gmail.com,01822222222,"Bashundhara, Dhaka"
reg_client_8,Square Group,square.group@gmail.com,01933333333,"Panthapath, Dhaka"
reg_client_9,Apex Group,apex.group@gmail.com,01744444444,"Motijheel, Dhaka"
reg_client_10,City Group,city.group@gmail.com,01855555555,"Gulshan, Dhaka"